id,type
LolOverHere,user
None,user
Dumb_Siniy,user
wkarraker,user
MyCatIsAnActualNinja,user
Long_comment_san,user
gloop524,user
7thFleetTraveller,user
Midnight28Rider,user
draxfap9,user
AccordingMedicine129,user
username-is-taken98,user
Teatimefrog,user
BryanTheGodGamer,user
alyaqd95,user
Child_of_the_Abyss,user
ItsZoner,user
Nemisis_007,user
lahwran_,user
dappermanV-88,user
CHG__,user
gofigure85,user
Weak-Differences,user
Marginal-Gainz-365,user
Dank_e_donkey,user
Lancelot---,user
naveedkoval,user
AdAmazing4044,user
platschbirne,user
ivyta76,user
GillytheGreat,user
AccomplishedRow6685,user
xBerryCrystal,user
PrimaryCoach861,user
ChokeCharm,user
KatokaMika,user
Wingo5315,user
dirtopi,user
Imascientistdammit,user
Independent_Ideal570,user
RoundTwoLife,user
Excellent-Signature6,user
fpsgamer230,user
Sora-Solflare,user
KeywordKriminal,user
Sentient-Orange,user
DeathCantHaveMe__Yet,user
Flashy-leah66,user
XO_NUDE_BREEZE,user
ArduennSchwartzman,user
iammcluffy,user
Accurate_Barnacle_37,user
anfumann,user
_AR4902,user
iamiam123,user
King_Gojiller,user
darkwulf1,user
TheBastard420,user
ShadowsRanger,user
Life-Bass-2013,user
Titanusgamer,user
Aj55j,user
RayAP19,user
Difficult-Piccolo-98,user
ChokeMeCutely,user
Haildrop,user
Megalordow,user
Tristanime,user
Unlucky-Leave-3726,user
tsiris,user
Spicy-hot_Ramen,user
Actual_Breadfruit_53,user
SnooMemesjellies2295,user
chudbabies,user
Accomplished-Run5908,user
Party-Career-3377,user
Independent-Job-7533,user
Tom_F64,user
CrackleDMan,user
Devinbeatyou,user
Only_texts,user
Insaiyan26,user
Work_Account89,user
lolslim,user
Robert_Grave,user
Eggnimoman,user
redditsucks365,user
awkone,user
explosive_potatoes22,user
realultralord,user
acidporkbuns,user
Ahmaedi_2025_Al-Rale,user
CleoPocky,user
Zestyclose-Dog-3398,user
RockyMonster0,user
Candid_Awareness_522,user
JanuszBiznesu96,user
MatchLock__,user
PayPsychological6358,user
StackThePads33,user
AiharaSisters,user
Particular-Long-3849,user
Fancy-Lie1747,user
Spinnenente,user
terestentry,user
Tuit2257608,user
D-Otto-lo,user
Equal-Pause3349,user
MrG1itc4,user
Confident_Bed_4279,user
Cookieman10101,user
mcknight92,user
HubrisOfApollo,user
IanAlvord,user
WastedEvery2ndDime,user
Spookyscythe99,user
Fit_Adagio_7668,user
tushitigre,user
dasmineman,user
Complex_Computer2966,user
Idkman0223,user
Elf_Paladin,user
AuthenticInfluence,user
Icy-Illustrator-3872,user
CheddarKnight,user
Mainely420Gaming,user
ValuableDentist1976,user
sheth_curry,user
leadraine,user
vjollila96,user
maddyneedsmore,user
al-o-o-paratha,user
Fun_Brilliant_363,user
BiggleDiggle85,user
Hot_cherryyy,user
Adorable_Spell7562,user
braidsofviking,user
Imdavidmorris,user
starless_90,user
No-Wonder1139,user
demon_bhaiya,user
KikuoFan69,user
iron-button,user
Retr0o_-,user
su1cidal_fox,user
BOGDOGMAX,user
johnnyga001,user
DeltaRendo1989,user
No-Claim-9560,user
MastaKink,user
Urasquirrel,user
Mulliganasty,user
Bobpool82,user
BagelBaddie26,user
StrutTheEmo27,user
Pitiful_Contract7335,user
PokeChampMarx,user
Albus_Lupus,user
ChaosDoggo,user
Alternative_Mode9972,user
citramonk,user
Agnostic_Akuma,user
LilMissBarbie,user
sast,user
CoolHuckleberry8224,user
XxKTtheLegendxX,user
GrayMech,user
RoyalsHatGuy,user
WestMongolBestMongol,user
ScholarOfYith,user
C418Enjoyer,user
Niki2002j,user
M4K0S,user
-FalseProfessor-,user
flyingfox227,user
Agreeable-Price8343,user
keenhydra93,user
JamesMCC17,user
Nacho6942069,user
TylerMemeDreamBoi,user
Easy_Money_S,user
_Empty-R_,user
Positive_Conflict_26,user
serious_dan,user
SojuSeed,user
IlluminX0,user
Early-Strategy5206,user
sheelikesyapping,user
AnalphabeticPenguin,user
Juff-Ma,user
Mathew1979,user
Decent_Brush_8121,user
whepoalready_readdit,user
FezRespect,user
Adventurous-Cow3596,user
SeparateDeer3760,user
ClankingRobotCheeks,user
Mindboomerbro,user
yo_mamaV,user
Ok-Relative-921,user
tharoadtrip,user
Raj_Valiant3011,user
RayNooze,user
a57782,user
JustAnotherPoopDick,user
StrykLab,user
zabique,user
nemles_,user
ResilentPotato,user
Barto10reddit,user
kerrybom,user
shroomlucky,user
ans_huuxv,user
freakmeout123,user
Stepaciej,user
No_Application_1219,user
Gvatagvmloa,user
Drakostheswordsman,user
Razor265,user
AlphonsoPSpain,user
SgtKastoR,user
Jindo5,user
Single-Internet-9954,user
ZeroDashAsterisk,user
dylannekt,user
Flimsy-Preparation85,user
Billthepony123,user
CommissionSilver8791,user
UshouldknowR,user
Artistic_Prior_7178,user
Wise-Key-3442,user
Evil_suuuun,user
BohemianMade,user
Extra_Significance81,user
YEPC___,user
ALDORICCOFTW,user
Wrong-Imagination-73,user
Odd_Remove4228,user
chelkell8589,user
Mission-Storm-4375,user
sten45,user
mbaa8,user
Blue_Bird950,user
Asian_Persuasion_1,user
Key-Poem9734,user
cwx149,user
Lorelei-Mimi91,user
BralessVictory,user
violetta2025,user
Own-Hedgehog7825,user
CpuJunky,user
Apprehensive_Ad3731,user
Frequent-Tennis-3539,user
Suspicious_Reporter4,user
Gingeronimoooo,user
studionotfound,user
Sad-Will5505,user
Due-Trip-2822,user
OperationWooden,user
wakaluli,user
Designer_Squirrel_26,user
brian1x1x,user
Vixen_Doll_,user
Kakhovsky,user
Cole3823,user
floppymuc,user
Szerepjatekos,user
ChiantiWithFavaBeans,user
DesignNorth3690,user
stopslappingmybaby,user
TheCaosChosen,user
BlastingSquid886,user
xx-rhys_xx,user
EverydayScrolls_,user
ladylucifer22,user
iFred97,user
justsome1fromearth,user
Artistic-Math7426,user
Viiris,user
curious94sarah,user
kin20,user
DarkIllusionsMasks,user
Primus_is_OK_I_guess,user
Intrcr,user
Krepitis,user
BonnalinaFuz101,user
IzumiiOwl,user
Ok-Sheepherder-5652,user
Hikaru1024,user
HamsterKey8383,user
Status-Neck7513,user
Brunoaraujoespin,user
Eastern_Honeydew_323,user
Confident_Eve,user
The_Holy_Turnip,user
GrandSpeedX,user
Stang_21,user
gracki1,user
Cover-Material,user
nyggomaniac,user
Fancy-Cardiologist55,user
magnidwarf1900,user
Sp3ctralForce,user
heroxoot,user
RodjaJP,user
BreadstickBaddie,user
ThawingAsh004724,user
Gave-Up-long-Ago,user
H3LLGHa5T,user
DasGaufre,user
Ban2u,user
Flamebomb790,user
pepperoni__________,user
AlfalfaReal5075,user
Space_Cowfolk,user
CntBlah,user
FNKYBoyLacksDSCPLN,user
k1n6jdt,user
Slow_Fish2601,user
Gloomy_Torture,user
RevWaldo,user
Brush_bandicoot,user
cmitchell_bulldog,user
Warm_Pickle_3599,user
lily_vibes,user
Own_Warning_8436,user
Bbwmamifreyaa,user
Icy-Swordfish7784,user
xo_sunset_nude,user
aspect-of-the-badger,user
omgwthwgfo,user
RedditB41,user
SpeakyDooman,user
Nearby_Professor_747,user
Jealous-Gap6214,user
LordAditya69,user
Any_Quit_579,user
Yellow-RubberDuck,user
ThatBoiUnknown,user
CervineCryptid,user
No-Candidate6316,user
Omoikane_One,user
soft_harbor,user
Maleficent-War-8429,user
TucsonKhan,user
Electrical-Tale-2296,user
myn3meisjo3,user
thrownawaz092,user
The_Green-One,user
GustavoFromAsdf,user
Hot4Teacher1234,user
Bogtear,user
4BsButtsBoobsBlunts,user
bedwars_player,user
virus_chara,user
Ill-Theory-8909,user
TheZipperDragon,user
PointandCluck,user
ChupaKween,user
Bufjord,user
Jvfzago,user
nethermoria,user
Otherwise_Whereas369,user
Adryanxyz,user
Lopsided-Cattle-2322,user
MeBollasDellero,user
General_Zera,user
TaffyWhiskers,user
volodymyroquai,user
matiss00,user
_winterFOSS,user
JakyGuard_Solflare,user
Demonstratepatience,user
GumSnuuggles,user
IPanicKnife,user
Sensitive_Acadia_199,user
Mysterious_Patient80,user
MontbarsExterminator,user
Ok-Fondant2536,user
AN0NY_MOU5E,user
actuallyaredditor,user
LardBall13,user
Addictedredditor21,user
damidmide,user
AmcDarkPool,user
frienderella,user
LongEyedSneakerhead,user
radpizzadadd,user
issyyytemp,user
Nika13k,user
Searchingforgoodnews,user
Useuless,user
XC_Griff,user
TechnoQuickie,user
MahmoudAO,user
jxnessa_,user
xPearlyFairy,user
Professional_Ant9993,user
xDaisyTease,user
Aschentei,user
LelouchL88,user
SgtMarkJohnson,user
Gregorovyyc,user
Equivalent-Repair488,user
Omeirawana,user
Button-Down-Shoes,user
Lxzdbxy,user
praiseeeck22234,user
Tentacle_poxsicle,user
LuvGoddess_,user
muzzle_wonder9,user
Gamertonic_YT,user
CredibleNonsense69,user
Tom_the_Fudgepacker,user
Sandalwoodincencebur,user
bogglingsnog,user
SelenaCharming168,user
gr1mm5d0tt1,user
AUTKai,user
BakeKarasu,user
MrCheeks1978,user
RustleThemJimmiez,user
Desperate-Bill-3790,user
Hefty_Employment9896,user
GumHugz,user
Afraid_Extension_427,user
Coolguy6967420,user
SageLeaf1,user
Livid_Competition_32,user
criticalpwnage,user
ballistic_fibrosis,user
madhattedmalice,user
Striking_Reindeer_2k,user
AnonismsPlight,user
Acceptable-Two5692,user
optimist_prhyme,user
MidnightToker858,user
Careful_Bid_6199,user
Stellar-Existance-24,user
valerryday,user
Rabbitpyth,user
DangerousShock9620,user
mowntandoo,user
zapohancek,user
Upstairs-Yak-5474,user
maxru85,user
FreshmanLux,user
zenka94,user
CryptographerSlow942,user
The_Safe_For_Work,user
slumblebee,user
Ricochet_skin,user
BoujeeMofo,user
Electronic-Exit1660,user
desertvision,user
3Zkiel,user
anxious_stoic,user
Low_Alarm2538,user
whispering_rrose,user
Active-Horse7345,user
Briar__Song,user
PromptBro111,user
Public_Assistant1566,user
KrasnyHerman,user
GumQueeen,user
amocto,user
waifubeeter,user
TAHACHAOUI12,user
Technical-Outside408,user
wsdpii,user
Who_said_that_,user
MyvaJynaherz,user
Jacobelemauve,user
AccountantSeaPirate,user
The_Arcane_Moth,user
Sensitive-Ticket7449,user
wordswillneverhurtme,user
TaxPsychological2928,user
raccoonbrigade,user
BeneficialDog22,user
YouDoHaveValue,user
Sendittomenow,user
NerdBudiezV1,user
EhMapleMoose,user
0VioletVampire0,user
Livid_Station_5996,user
MaybeASentientRobot,user
Russian_Spy_7_5_0,user
Reasonable-Ninja4384,user
StupidMario64,user
BopSupreme,user
mrStiilYuGurl,user
D24061314,user
bam3214,user
Shadow_Freeman,user
MrChocolateHazenut,user
Obnomus,user
Porsher12345,user
ivar-the-bonefull,user
ZealousidealChain473,user
MCSquaredBoi,user
BartOseku,user
Munestone,user
Party-Train,user
Serpicnate,user
DepressedPancake4728,user
syfiarcade,user
sweetSweets4,user
Vectorman1989,user
musicnote22,user
DoctorYamask,user
ItalianPepe,user
kerdon,user
Huge_Music,user
Olama,user
NotSeveralBadgers,user
Different-One1895,user
Fine_Cat_9712,user
CrusaderCrunch,user
EgotisticalK,user
pman13531,user
shrikaizerion,user
Agent_Fluttershy,user
Overall_Law_1813,user
WiseSilverWolf,user
zukoandhonor,user
_Vard_,user
clutzyninja,user
William_Joyce,user
FJkookser00,user
mlm7C9,user
ChoppyRice,user
Nyctfall,user
MaybeNotTooDay,user
smashndashn,user
bawbthebawb,user
equality4everyonenow,user
MrIrvGotTea,user
NeoIsJohnWick,user
Naturally_Fragrant,user
unserioustroller,user
painstarhappener,user
Carnivorous_Ape__,user
Apprehensive_Hand571,user
azuranc,user
Mozar305,user
dragondiaper,user
Nerioner,user
strivv,user
harem_king69,user
222Czar,user
space_coyote_86,user
PooInTheStreet,user
MikMay99,user
maximusprime2328,user
StandardN02b,user
Regular-Appeal5392,user
HanzoNumbahOneFan,user
Immortalphoenixfire,user
Stone0777,user
Ok_Stretch_4545,user
BrainArson,user
Distamorfin,user
DominoUB,user
dawatzerz,user
Totally_lost98,user
avenlux44,user
all_is_okay,user
55_jumbo,user
1Rab,user
sinkdawg04,user
Olphegae,user
Louilouis5,user
thefiend1111,user
EgotisticalBastard9,user
thatguyiswierd,user
ComfortableTwo80085,user
BisonBull,user
invisibleboogerboy,user
CottonCandy_Eyeballs,user
Adventurous-Depth984,user
FTSalary-man,user
TrueProtection,user
ToKrillAMockingbird,user
DWN032,user
Final-Link-3999,user
echetus90,user
Sir-Theordorethe-5th,user
icebrew53,user
thedopechi,user
LollisGunsBikesTits,user
XiND3R,user
Kobe_Wan_Jabroni,user
Kristafuh_Moltisanti,user
MyClothesWereInThere,user
666thSuprisedPikachu,user
Just-J0k1ng,user
big_guyforyou,user
killers_vanilla,user
E4g6d4bg7,user
FyrelordeOmega,user
XI-RE,user
Geoff4321,user
RichEvans4Ever,user
ThEhIsO8730,user
fuvvad,user
Karmallamah,user
teejay_the_exhausted,user
ogodilovejudyalvarez,user
Silent-Carob-8937,user
Jacksaur,user
Ilikegreenteatoo,user
spicycupcakes-,user
DarkBiCin,user
Scarfs-smileysword,user
aecolley,user
Uncertain_Ty,user
sugarhai,user
TheDarkLordScaryman,user
ItsMarioTheMythical,user
Calm-Positive-6908,user
CobrinoHS,user
ants_n_pants,user
Casual_Deviant,user
andrybak,user
Atrianie,user
FirtiveFurball3,user
bondjimbond,user
AgentSquishy,user
FaxCelestis,user
Aqn95,user
RadlogLutar,user
DryMouthKitty,user
AutoModerator,user
ShroomsHealYourSoul,user
Major-Malarkey,user
MeganLuxy,user
JimKB,user
blaaaaaarghhh,user
TTrainBR,user
SuperNerdAce,user
trosckey,user
CRO553R,user
Genderisweird_,user
VeterinarianAway3112,user
gagnatron5000,user
teenxwitchh,user
inertiatic_espn,user
dbzgod9,user
361days,user
AnjWats,user
Sorryaboutthattt,user
LTsCantCook,user
rousseaudanielle,user
Sweet-Border-7662,user
hammer_ZEIT,user
Soujf,user
J-Dahm,user
ConclusionOk7093,user
rotanitsarcorp_yzal1,user
incompetentflagella,user
TunaThePanda,user
MessageBeginning5757,user
IdeaFixGame,user
imaginingdragonx,user
UltralordCherryTop,user
trying_my_besttt,user
Jakeforry,user
International-Cat123,user
asphaltdragon,user
thomasbunker,user
kevlarus80,user
ItsExoticChaos,user
sblahful,user
Lawn_Chubby,user
Arzen12,user
Im_probably_naked,user
JBGR111,user
Finbar9800,user
ShigeruAoyama,user
-Bunny-,user
LoneWolf_2179,user
dandroid126,user
garyclarke0,user
NoMind5469,user
Zealousideal_Pay7176,user
jakubbog,user
penarhw,user
aap71,user
Columbus43219,user
Skull_Cup,user
WaffleTheLittleFox,user
Few_Intention_542,user
jstndrn,user
the_rush_dude,user
Akuni69,user
DistractedByDumbShit,user
JudgeShronks,user
Javontarious,user
Thornescape,user
Vivi_Animates,user
ABrandNewNameAppears,user
Human_Hedgehog_2302,user
forlostuvaworl,user
Several_Plane4757,user
AVeryHeavyBurtation,user
Smg54_screams,user
brager1990,user
FrankSonata,user
Nostalgic-Banter,user
Sub_To_Mattrose,user
FNAF1ISTHEBEST,user
sweetfellas,user
Not_Really_French,user
UpOrDownItsUpToYou,user
Jonn_1,user
Miserable-Grape-6863,user
anynomousperson123,user
WhitestMikeUKnow,user
Pearl-of-Jaiyan,user
SuperSaiyanRickk,user
arnoldee002,user
AwesomeBro1510,user
LouisLima,user
Shitfaced-koalabear,user
extistentialcrises,user
Sir_Hammy_02,user
InconstitutionalMap,user
Conscious_Ad1603,user
Prince-Angel-Wing,user
Soram16,user
shaurcasm,user
Zonie1069,user
aplive6,user
Duckdude50000,user
Squishymallow_Pink,user
GoombaBro,user
Fresh-Debate-9768,user
grogger132,user
frosty_goblin,user
JKM_A_K,user
adagor234,user
leeleebum76,user
Impossible-Try-9489,user
FriendlyAntonio,user
mvms,user
HisSilly,user
wuhoh_,user
Pipirevka,user
nerdmania,user
emzyyx,user
Hermiona1,user
EcchiOli,user
The_True_Mastermind,user
binglybleep,user
Cursedbythedicegods,user
Accomplished-Lie2447,user
trainwreckhappening,user
TheManTMr,user
luxafelicity,user
fntastikr,user
PotatoPrings,user
ClemTheEnt,user
Zinth789,user
Aklensil,user
XxOniSamuraixX,user
randoguy8765,user
AdventurousSir4573,user
ChaoticToxin,user
Loose-Professor5364,user
dolly241,user
dmpooo,user
Sea_Movie6301,user
11Indigo11,user
that_doodleguy,user
kokokonus,user
Syrup-Knight,user
Awkward-Ad-932,user
YiffMeister2,user
NoNotice2137,user
LurkinLunk,user
VegaBruja81,user
Wiseedis,user
Natural_Aura,user
Putsomesunglasseson,user
bromancebladesmith,user
_that_idi0t_,user
AllowMeAir,user
knight_in_white,user
Mostest_Importantest,user
corpolarclegg3,user
DesertReagle,user
KrisKallsIt,user
muterabbit84,user
Long_Freedom-,user
therealaaaazzzz,user
AndrisPronis,user
rlnrlnrln,user
trashghost367,user
Slight-Coat17,user
scholarlysacrilege,user
mikethecomic,user
The_Friendly_Fable,user
_Cecille,user
SnooPeanuts8048,user
OtterwiseX,user
Bugaloon,user
DapperAssignment7139,user
MagnumbyZoolanderTM,user
bethatguy7,user
easypake,user
FanGroundbreaking200,user
OneWingAngel35,user
goodfisher88,user
DankCupOfJoe,user
Designer-Ad9206,user
Basith_Shinrah,user
Vindheim,user
WorldlinessWitty2177,user
noooooolikeusain,user
Goat_of_Wisdom,user
plantgoblin,user
YoursTrulyHuntty,user
Sebizaurus-Seby-33,user
nickleby1,user
CarlShadowJung,user
unsolicited_flattery,user
AdRude2727,user
NOOBFUNK,user
calich29,user
3InchesIsAlotSheSays,user
2classy4thisw0rld,user
Cabitaa,user
StaticMix,user
ThePainTrainWarrior,user
YippeeCalles,user
Dense-Ambassador-865,user
shirodoeshitonreddit,user
PtitFlopi,user
UsernamesAre4Nerds,user
LittleRasp,user
vibinnthrivin5,user
DinoNugget-Trex,user
The_MattBat999,user
PartridgeViolence,user
audhdmoth,user
Shotgun2006,user
SerenityDreamz869,user
Sapphic_Starlight,user
blablargon,user
QIexpert,user
Tsu_Dho_Namh,user
Night_-_shade,user
CC19_13-07,user
Royal-Doggie,user
pppppatrick,user
Think-Difficulty7596,user
JohnnyRelentless,user
Aston1012,user
xXGiovanniStortiXx,user
orion-root,user
Sensitive-Fuel4656,user
TheDivineRat_,user
tunisia3507,user
Niar666,user
Speedemon42069,user
Mattarias,user
GhostoftheGreyDunes,user
No-Picture-4940,user
Catz_LOL-7887,user
Saturated_Donut,user
Riyeko,user
watermelonkey,user
ELLZNaga21,user
realatemnot,user
Kamzil118,user
soundman18abz,user
MurkyWay,user
CreepyWatson,user
Zebralord23,user
FancyAstronaut_,user
Scarytoaster1809,user
AWildEnglishman,user
Wallmassage,user
Yeehaw_Kat,user
solythe,user
LaprasRuler,user
I-Kant-Even,user
fenianmessi,user
Junior_Watercress_66,user
ClemDoore,user
Normal_Finance4358,user
peaceandpawws,user
pornelius6969,user
__Obscure__,user
Luciannight21,user
VonWiggle,user
dramaticfool,user
LiterallyNoNamesFree,user
WindpowerGuy,user
esquire_the_ego,user
Apprehensive_Fig4458,user
Traditional_Travesty,user
Already_Blacklisted,user
Sea_Acanthisitta_855,user
LightsOfTheCity,user
I_assist,user
GenericName2025,user
Winter-Weird6080,user
Pen_Front,user
vimalcha943,user
InfamousSilver9,user
link-navi,user
slaveformommy21,user
Ammar595,user
TheFrenchEmperor,user
Nerdiburdi,user
ChocoMalkMix,user
Agentbanana119,user
DurableSoul,user
iregret_this_already,user
Decent_Salmon,user
viewsinthe6,user
Greedy_Net_1803,user
azrael5298,user
zombienugget,user
detroitvelvetslim,user
hinklefinkledinkledo,user
cthulhu944,user
down4things,user
bluebearypancake,user
chunksofbunions,user
Roderick111,user
satiricalspider,user
MC_Mooch,user
Magic-for-Sale,user
mysoulishome,user
dam072000,user
herobrineharry,user
AngelesYT,user
ForteEXE,user
dangeroustiger,user
meyer63026,user
nilamo,user
LITTCAM15,user
iamawesome125,user
growingnom,user
j0be,user
HannahDoesNotExist,user
casskazenzakis,user
NOT_MEEHAN,user
CedarWolf,user
thiros101,user
Crafty_Luck_4393,user
Particular_Drag_9473,user
everything_is_bad,user
IllustriousYear3332,user
hootieq,user
PuppyCocktheFirst,user
EldritchSlut,user
tinathefatlardgosh,user
atreeismissing,user
East_Rub3528,user
Benderton,user
Either-Agency7160,user
Savings_Primary_7097,user
SigFloyd,user
Syphillisdiller1,user
Significant-Royal-37,user
n0mn0m_de_Guerre,user
anonuemus,user
Neffle619,user
Pale-and-Willing,user
Jolly_Ad2446,user
Tmon_of_QonoS,user
bandwaggoneer,user
superteed,user
gooblefrump,user
Numerous-Cow-1918,user
Pete_Delete,user
lonely_man9696,user
Business_Chip8476,user
ChubblesMcgee103,user
Jeansybaby,user
RipErRiley,user
Tyrrox,user
ecafyelims,user
m0h3k4n,user
Horror-Layer-8178,user
Jiminyfingers,user
gofishx,user
WatRedditHathWrought,user
TheFleebus,user
time_drifter,user
DefinitelyIncorrect,user
JZebs,user
nomnomyumyum109,user
psychoacer,user
Thundersson1978,user
the_calibre_cat,user
darkreapertv,user
hydrobrandone,user
s-mores,user
rubberducky_93,user
davidcwilliams,user
kill3rmonk,user
Au2288,user
mischanif,user
Issah_Wywin,user
QuantumlyCurious,user
Ronbonbeno,user
Skidmarkthe3rd,user
the_d0nkey,user
LurkerFromTheVoid,user
no_id_never,user
EnglishMatron,user
sandozguineapig,user
cors8,user
r21174,user
Msbossyboots,user
Guba_the_skunk,user
Taphouselimbo,user
madasfire,user
Party-Meeting-6266,user
popltree2,user
VikingMonkey123,user
EpiphyticOrchid8927,user
misterpickles69,user
WebMaka,user
Rynvael,user
we_hella_believe,user
doctor_lobo,user
vita10gy,user
Karma_Gardener,user
FlemPlays,user
frommethodtomadness,user
AffectionatePop05,user
CmdrVamuelSimes,user
Running_Dumb,user
RealQ13,user
AlludedNuance,user
Shitty_Fat-tits,user
LavenderBabble,user
kmo0711,user
sarah_awake,user
Bozlogic,user
alliedeluxe,user
grad1939,user
KUweatherman,user
Bits-n-Byte,user
NerfPandas,user
hear_the_thunder,user
Shortymac09,user
RednevaL,user
UsingACarrotAsAStick,user
MrSnowden,user
Candytails,user
danielstover,user
Safewordharder,user
distorted_kiwi,user
Bubbly-Example-8097,user
T1Pimp,user
static-klingon,user
OneMadChihuahua,user
Altruistic_Ad_5915,user
csvega84,user
discoduck007,user
tmotytmoty,user
triscuitsrule,user
GGerrik,user
j0j0b0y,user
DontOvercookPasta,user
Thoracic_Snark,user
R2DK3PO,user
Junior_Moose_9655,user
Oddcid,user
firebert85,user
Spirited_Childhood34,user
Iyellkhan,user
Artrock80,user
BNLforever,user
mycatisgrumpy,user
p0396,user
BoliverSlingnasty,user
oviedofuntimes,user
Pictoru,user
MetalDragon6666,user
Fake_William_Shatner,user
snowcamel,user
Kazz330,user
PlanetoftheAtheists,user
Jellodyne,user
Adderall_Rant,user
Yasna10,user
MagicPigeonToes,user
No-Good-One-Shoe,user
dtb1987,user
Veronica_Spars,user
AdHopeful3801,user
cheesebot555,user
cdin0303,user
pomonamike,user
Distinct_Stuff4678,user
delirium_red,user
EmRavel,user
Kierik,user
Clickclacktheblueguy,user
Magniras,user
urbanek2525,user
Loki-L,user
Big1984Brother,user
rolim91,user
tecky1kanobe,user
JayNotAtAll,user
worldssmallestfan1,user
teriyakininja7,user
yellow-snowslide,user
jamesh08,user
InternationalTie9237,user
raise-your-weapon,user
LinearFluid,user
IHeartBadCode,user
miked_mv,user
DistillateMedia,user
SsooooOriginal,user
dionymnia,user
7evenate9ine,user
aliciah25,user
Plastic_Love_2935,user
Junkstar,user
JSteigs,user
slamdanceswithwolves,user
gothism,user
phuctard69,user
Failedmysanityroll,user
ZanthrinGamer,user
Niceromancer,user
Such_Egg9843,user
DevelopmentGreen3961,user
ZenBreaking,user
PuertoRicanRebel2025,user
Oliveritaly,user
Evil_Athena,user
GalacticMILF420,user
Deluxe78,user
Loud-Mood-7028,user
Skippittydo,user
Icy-Needleworker-492,user
keetojm,user
ballzsweat,user
clevermoose774,user
orangefreshy,user
MarkXIX,user
runamukk,user
pmcall221,user
PristineMinute4206,user
DJbuddahAZ,user
cire1184,user
Ginger-Nerd,user
chaddict,user
External-Release2472,user
Arctimon,user
CapriSun87,user
redtron3030,user
of_no_real_opinion,user
ytirevyelsew,user
Boy_Howdy,user
GabeSter,user
JoeDaddyZZZ,user
1fatfrog,user
foldingcouch,user
dapharaoh,user
onomastics88,user
Puzzlepeep,user
SryInternet101,user
Lrgdustbunnybreeder,user
shanebayer,user
greeneggs_and_hamlet,user
relikter,user
Mr_TreeBeard,user
lordpoee,user
timberwolf0122,user
East-Task6083,user
siderinc,user
noncommonGoodsense,user
Timely_Can_3787,user
auntie_eggma,user
Sophisticated-Crow,user
ZenMonkey48,user
AdmirablePage5766,user
Solinvictusbc,user
Piemaster113,user
No_Amphibian4437,user
FartResume,user
Dalferious,user
Scary_Dot6604,user
Lustfulfav,user
Daysaved,user
Zanos-Ixshlae,user
oilman300,user
GrandTie6,user
Minimum_Tiger1789,user
mAx_hEnnO,user
TheGaussianMan,user
SorryIreddit,user
dgdio,user
Pottski,user
bigthunder_81,user
dogmeat12358,user
meticulous_marmot,user
emptyvesselll,user
red224,user
Ok_Place_2551,user
NapoleonDynamite82,user
terminalxposure,user
Bulky-Shopping579,user
catman2021,user
Fragmentia,user
monet108,user
PancreaticDefect,user
Enlitenkanin,user
Rekdon,user
autisticalpookie,user
Apart-Ad-9952,user
le0_667,user
Independent-Boss-289,user
Careless-Welder6143,user
prwnasus,user
TheDeeken,user
monkeysknowledge,user
mitchconneur,user
-sk4llt0r-,user
sankar_axi,user
MoonMissionary69,user
nmann14,user
gihkal,user
chapinscott32,user
IButterz420,user
iashmei,user
UILuigu,user
One_Spite9791,user
Budget_footeeee,user
geoantho,user
joetotheg,user
asd9fiawe9fiwe,user
Character_Pin7285,user
Sindrathion,user
Dazzling-Creme1747,user
Clbull,user
SadStickboy,user
murlock42,user
Moto-Guy,user
PacoCrazyfoot,user
creatorset,user
Nasekima,user
memes,subreddit
dankmemes,subreddit
wholesomememes,subreddit
AdviceAnimals,subreddit
MemeEconomy,subreddit
